hsc4-playoffs,2012-01
hsc4-gs2,2012-01
hsc4-gs1-a,2012-01
hsc4-gs1-b,2012-01
hsc4-gs1-c,2012-01
hsc4-gs1-d,2012-01
hsc4-gs1-e,2012-01
hsc4-gs1-f,2012-01
hsc4-gs1-g,2012-01
hsc4-gs1-h,2012-01
gsl-2012-s1-codes-r32-1,2012-01
gsl-2012-s1-codes-r32-2,2012-01
gsl-2012-s1-codes-r32-3,2012-01
gsl-2012-s1-codes-r32-4,2012-01
gsl-2012-s1-codes-r16-1,2012-02
gsl-2012-s1-codes-r16-2,2012-02
gsl-2012-s1-codes-r8,2012-02
gsl-2012-s1-codea,2012-01
iem6-kiev-group,2012-01
iem6-kiev-playoffs,2012-01
iem6-saopaulo-playoff,2012-02
iem6-saopaulo-group,2012-02
asus-rog-2012-winter-group,2012-02
asus-rog-2012-winter-playoff,2012-02
mlg-winter-arena-1,2012-02
mlg-winter-arena-2,2012-02
is-group,2012-02
is-playoff,2012-02
iem6-champ-group,2012-03
iem6-champ-playoff,2012-03
mlg-2012-winter-champ-pool,2012-03
mlg-2012-winter-champ-bracket,2012-03
gsl-2012-s2-codes-r32,2012-03
gsl-2012-s2-codea,2012-03
gsl-2012-s2-updown,2012-03
ipl-s4-group,2012-04
ipl-s4-champ,2012-04
nasl4-champ,2012-04
dh-2012-stockholm-gs1,2012-04
dh-2012-stockholm-gs2,2012-04
dh-2012-stockholm-gs3,2012-04
dh-2012-stockholm-playoff,2012-04
mlg-2012-spring-arena-2,2012-05
gsl-2012-s3-codes-r32,2012-05
gsl-2012-s3-codes-r16,2012-06
gsl-2012-s3-codes-playoff,2012-05
gsl-2012-s3-codea,2012-05
gsl-2012-s3-updown,2012-05
mlg-2012-spring-champ-champ,2012-06
mlg-2012-spring-champ-pool-a,2012-06
mlg-2012-spring-champ-pool-c,2012-06
mlg-2012-spring-champ-pool-b,2012-06
mlg-2012-spring-champ-pool-d,2012-06
mlg-2012-spring-champ-open-winners,2012-06
mlg-2012-spring-champ-open-losers,2012-06
dh-2012-summeropen-gs1,2012-06
dh-2012-summeropen-gs2,2012-06
dh-2012-summeropen-gs3,2012-06
dh-2012-summeropen-playoff,2012-06
homestory-5-gs1,2012-07
homestory-5-gs2,2012-07
homestory-5-playoff,2012-07
mlg-2012-summer-arena,2012-07
tsl4,2012-07
asus-rog-2012-summer-playoff,2012-08
asus-rog-2012-summer-gs1,2012-08
asus-rog-2012-summer-gs2,2012-08
wcg-2012-korea,2012-08
iem7-cologne-obr1,2012-08
iem7-cologne-obr2,2012-08
iem7-cologne-obr3,2012-08
iem7-cologne-obr4,2012-08
iem7-cologne-gs,2012-08
iem7-cologne-playoffs,2012-08
mlg-2012-summer-champ-gs,2012-08
mlg-2012-summer-champ-openwin1,2012-08
mlg-2012-summer-champ-openwin2,2012-08
mlg-2012-summer-champ-openwin3,2012-08
mlg-2012-summer-champ-openwin4,2012-08
mlg-2012-summer-champ-openwin5,2012-08
mlg-2012-summer-champ-openwin6,2012-08
mlg-2012-summer-champ-openwin7,2012-08
mlg-2012-summer-champ-openwin8,2012-08
gsl-2012-s4-updown,2012-08
mlg-2012-summer-champ-openlose1,2012-08
mlg-2012-summer-champ-openlose8,2012-08
mlg-2012-summer-champ-openlose7,2012-08
mlg-2012-summer-champ-openlose6,2012-08
mlg-2012-summer-champ-openlose5,2012-08
mlg-2012-summer-champ-openlose4,2012-08
mlg-2012-summer-champ-openlose3,2012-08
mlg-2012-summer-champ-openlose2,2012-08
mlg-2012-summer-champ-champ,2012-08
gsl-2012-s4-codes-r32,2012-08
gsl-2012-s4-codes-r16,2012-08
gsl-2012-s4-codes-playoff,2012-09
gsl-2012-s4-codea,2012-08
osl-2012-s1-main,2012-08
osl-2012-s1-prelim-nonkespa,2012-07
osl-2012-s1-prelim-kespa,2012-07
wcg-europe-finals,2012-09
nasl4-main,2012-09
dh-2012-valencia-gs1,2012-09
dh-2012-valencia-gs2,2012-09
dh-2012-valencia-playoff,2012-09
wcg-2012-asia-finals,2012-10
dh-2012-bucharest-playoff,2012-10
dh-2012-bucharest-gs1,2012-10
dh-2012-bucharest-gs2,2012-10
gsl-2012-s5-updown,2012-10
gsl-2012-s5-codes-r32,2012-10
gsl-2012-s5-codes-r16,2012-11
gsl-2012-s5-codes-playoffs,2012-11
gsl-2012-s5-codes-codea,2012-10
eswc-2012-playoff,2012-11
eswc-2012-gs,2012-11
wcg-world-playoff,2012-11
wcg-world-gs,2012-11
iem7-singapore-playoff,2012-11
iem7-singapore-gs,2012-11
dh-2012-winter-champ-playoff,2012-11
dh-2012-winter-champ-gs,2012-11
ipl5-final,2012-11
ipl5-playoff,2012-11
wcg-2012-playoff,2012-11
wcg-2012-gs,2012-11
gsl-2012-blizzcup-playoff,2012-12
gsl-2012-blizzcup-gs,2012-12
hsc6-playoff,2012-12
hsc6-gs1,2012-12
hsc6-gs2,2012-12
mlg-2012-fall-champ-gs,2012-11
mlg-2012-fall-champ-playoff,2012-11
mlg-2012-fall-champ-openwin1,2012-11
mlg-2012-fall-champ-openwin2,2012-11
mlg-2012-fall-champ-openwin3,2012-11
mlg-2012-fall-champ-openwin4,2012-11
mlg-2012-fall-champ-openwin5,2012-11
mlg-2012-fall-champ-openwin6,2012-11
mlg-2012-fall-champ-openwin7,2012-11
mlg-2012-fall-champ-openwin8,2012-11
mlg-2012-fall-champ-openlose1,2012-11
mlg-2012-fall-champ-openlose2,2012-11
mlg-2012-fall-champ-openlose3,2012-11
mlg-2012-fall-champ-openlose4,2012-11
mlg-2012-fall-champ-openlose5,2012-11
mlg-2012-fall-champ-openlose6,2012-11
mlg-2012-fall-champ-openlose7,2012-11
mlg-2012-fall-champ-openlose8,2012-11
